Data,Impressões (orgânicas),Impressões (patrocinadas),Impressões (total),Impressões únicas (orgânicas),Cliques (orgânicos),Cliques (patrocinados),Cliques (total),Reações (orgânicas),Reações (patrocinadas),Reações (total),Comentários (orgânicos),Comentários (patrocinados),Comentários (total),Compartilhamentos (orgânicos),Compartilhamentos (patrocinados),Compartilhamentos (total),Taxa de engajamento (orgânico),Taxa de engajamento (patrocinado),Taxa de engajamento (total)
01/17/2023,7335,0,7335,3344,291,0,291,134,0,134,10,0,10,5,0,5,0.05998636673483299,0.0,0.05998636673483299
01/18/2023,4436,0,4436,2285,165,0,165,48,0,48,4,0,4,0,0,0,0.04891794409377818,0.0,0.04891794409377818
01/19/2023,8411,0,8411,4125,391,0,391,41,0,41,6,0,6,4,0,4,0.05255023183925812,0.0,0.05255023183925812
01/20/2023,13630,0,13630,6986,655,0,655,109,0,109,11,0,11,5,0,5,0.05722670579603815,0.0,0.05722670579603815
01/21/2023,6183,0,6183,2965,284,0,284,51,0,51,2,0,2,2,0,2,0.05482775351770985,0.0,0.05482775351770985
01/22/2023,3331,0,3331,1574,220,0,220,16,0,16,2,0,2,1,0,1,0.07175022515761033,0.0,0.07175022515761033
01/23/2023,3534,0,3534,1825,218,0,218,21,0,21,1,0,1,0,0,0,0.06791171477079797,0.0,0.06791171477079797
01/24/2023,7818,0,7818,3689,250,0,250,79,0,79,1,0,1,7,0,7,0.04310565361985162,0.0,0.04310565361985162
01/25/2023,6617,0,6617,3149,275,0,275,53,0,53,3,0,3,3,0,3,0.05047604654677346,0.0,0.05047604654677346
01/26/2023,5428,0,5428,2612,261,0,261,45,0,45,7,0,7,0,0,0,0.057663964627855564,0.0,0.057663964627855564
01/27/2023,3732,0,3732,1757,154,0,154,34,0,34,50,0,50,0,0,0,0.06377277599142551,0.0,0.06377277599142551
01/28/2023,3559,0,3559,1758,122,0,122,28,0,28,6,0,6,0,0,0,0.04383253722955886,0.0,0.04383253722955886
01/29/2023,5406,0,5406,2378,358,0,358,45,0,45,9,0,9,1,0,1,0.07639659637439881,0.0,0.07639659637439881
01/30/2023,7768,0,7768,4674,257,0,257,62,0,62,97,0,97,2,0,2,0.05381050463439753,0.0,0.05381050463439753
01/31/2023,4980,0,4980,2345,123,0,123,72,0,72,6,0,6,5,0,5,0.04136546184738956,0.0,0.04136546184738956
02/01/2023,4264,0,4264,1918,98,0,98,53,0,53,0,0,0,1,0,1,0.03564727954971857,0.0,0.03564727954971857
02/02/2023,3079,0,3079,1734,69,0,69,51,0,51,2,0,2,0,0,0,0.03962325430334524,0.0,0.03962325430334524
02/03/2023,9526,0,9526,4913,474,0,474,92,0,92,14,0,14,1,0,1,0.06099097207642242,0.0,0.06099097207642242
02/04/2023,9130,0,9130,5081,362,0,362,116,0,116,5,0,5,4,0,4,0.053340635268346114,0.0,0.053340635268346114
02/05/2023,5297,0,5297,2626,214,0,214,62,0,62,4,0,4,0,0,0,0.052860109495941096,0.0,0.052860109495941096
02/06/2023,5577,0,5577,2699,224,0,224,65,0,65,9,0,9,3,0,3,0.05397166935628474,0.0,0.05397166935628474
02/07/2023,12604,0,12604,5541,527,0,527,163,0,163,8,0,8,4,0,4,0.055696604252618215,0.0,0.055696604252618215
02/08/2023,4962,0,4962,2258,262,0,262,49,0,49,5,0,5,2,0,2,0.06408706166868199,0.0,0.06408706166868199
02/09/2023,2820,0,2820,1428,108,0,108,32,0,32,0,0,0,0,0,0,0.04964539007092199,0.0,0.04964539007092199
02/10/2023,5463,0,5463,2912,264,0,264,67,0,67,104,0,104,1,0,1,0.07980962840929892,0.0,0.07980962840929892
02/11/2023,2688,0,2688,1309,160,0,160,20,0,20,1,0,1,0,0,0,0.06733630952380952,0.0,0.06733630952380952
02/12/2023,1832,0,1832,819,88,0,88,14,0,14,1,0,1,0,0,0,0.056222707423580785,0.0,0.056222707423580785
02/13/2023,1872,0,1872,780,107,0,107,8,0,8,1,0,1,0,0,0,0.06196581196581197,0.0,0.06196581196581197
02/14/2023,4643,0,4643,2335,318,0,318,65,0,65,12,0,12,1,0,1,0.0852896833943571,0.0,0.0852896833943571
02/15/2023,5010,0,5010,2721,269,0,269,44,0,44,8,0,8,1,0,1,0.06427145708582835,0.0,0.06427145708582835
02/16/2023,4057,0,4057,2096,125,0,125,33,0,33,6,0,6,0,0,0,0.0404239585900912,0.0,0.0404239585900912
02/17/2023,3172,0,3172,1630,117,0,117,15,0,15,2,0,2,0,0,0,0.04224464060529634,0.0,0.04224464060529634
02/18/2023,1871,0,1871,1013,83,0,83,5,0,5,0,0,0,0,0,0,0.04703367183324426,0.0,0.04703367183324426
02/19/2023,1502,0,1502,702,81,0,81,5,0,5,0,0,0,0,0,0,0.05725699067909454,0.0,0.05725699067909454
02/20/2023,1288,0,1288,535,82,0,82,5,0,5,0,0,0,0,0,0,0.06754658385093168,0.0,0.06754658385093168
02/21/2023,1721,0,1721,854,96,0,96,4,0,4,0,0,0,1,0,1,0.058686809994189425,0.0,0.058686809994189425
02/22/2023,5474,0,5474,3077,138,0,138,45,0,45,114,0,114,2,0,2,0.0546218487394958,0.0,0.0546218487394958
02/23/2023,2358,0,2358,1191,62,0,62,6,0,6,0,0,0,0,0,0,0.02883799830364716,0.0,0.02883799830364716
02/24/2023,1349,0,1349,753,38,0,38,3,0,3,-1,0,-1,0,0,0,0.029651593773165306,0.0,0.029651593773165306
02/25/2023,1367,0,1367,590,42,0,42,3,0,3,0,0,0,0,0,0,0.03291880029261156,0.0,0.03291880029261156
02/26/2023,915,0,915,505,36,0,36,2,0,2,1,0,1,0,0,0,0.04262295081967213,0.0,0.04262295081967213
02/27/2023,960,0,960,416,21,0,21,2,0,2,0,0,0,0,0,0,0.023958333333333335,0.0,0.023958333333333335
02/28/2023,2256,0,2256,1211,53,0,53,27,0,27,25,0,25,1,0,1,0.04698581560283688,0.0,0.04698581560283688
03/01/2023,1265,0,1265,503,28,0,28,9,0,9,0,0,0,0,0,0,0.02924901185770751,0.0,0.02924901185770751
03/02/2023,1635,0,1635,1155,53,0,53,24,0,24,0,0,0,0,0,0,0.04709480122324159,0.0,0.04709480122324159
03/03/2023,2014,0,2014,1037,92,0,92,21,0,21,1,0,1,0,0,0,0.05660377358490566,0.0,0.05660377358490566
03/04/2023,1273,0,1273,676,30,0,30,4,0,4,0,0,0,0,0,0,0.02670856245090338,0.0,0.02670856245090338
03/05/2023,1263,0,1263,568,46,0,46,4,0,4,0,0,0,0,0,0,0.0395882818685669,0.0,0.0395882818685669
03/06/2023,1577,0,1577,658,43,0,43,2,0,2,0,0,0,0,0,0,0.028535193405199746,0.0,0.028535193405199746
03/07/2023,1354,0,1354,723,64,0,64,8,0,8,0,0,0,0,0,0,0.053175775480059084,0.0,0.053175775480059084
03/08/2023,3071,0,3071,1753,62,0,62,33,0,33,1,0,1,3,0,3,0.03223705633344188,0.0,0.03223705633344188
03/09/2023,2771,0,2771,1247,55,0,55,29,0,29,57,0,57,0,0,0,0.05088415734391916,0.0,0.05088415734391916
03/10/2023,2589,0,2589,1155,43,0,43,35,0,35,81,0,81,0,0,0,0.06141367323290846,0.0,0.06141367323290846
03/11/2023,1421,0,1421,734,31,0,31,6,0,6,0,0,0,0,0,0,0.026038001407459536,0.0,0.026038001407459536
03/12/2023,1212,0,1212,568,34,0,34,4,0,4,2,0,2,0,0,0,0.033003300330033,0.0,0.033003300330033
03/13/2023,1267,0,1267,584,26,0,26,2,0,2,0,0,0,0,0,0,0.022099447513812154,0.0,0.022099447513812154
03/14/2023,2491,0,2491,1217,29,0,29,61,0,61,67,0,67,2,0,2,0.06382978723404255,0.0,0.06382978723404255
03/15/2023,4515,0,4515,1677,90,0,90,112,0,112,189,0,189,2,0,2,0.08704318936877077,0.0,0.08704318936877077
03/16/2023,2823,0,2823,1118,44,0,44,15,0,15,-1,0,-1,0,0,0,0.020545518951470068,0.0,0.020545518951470068
03/17/2023,3026,0,3026,1326,38,0,38,34,0,34,57,0,57,1,0,1,0.04296100462656973,0.0,0.04296100462656973
03/18/2023,1565,0,1565,573,29,0,29,6,0,6,0,0,0,0,0,0,0.022364217252396165,0.0,0.022364217252396165
03/19/2023,1319,0,1319,524,21,0,21,5,0,5,0,0,0,0,0,0,0.019711902956785442,0.0,0.019711902956785442
03/20/2023,3160,0,3160,1762,86,0,86,31,0,31,-1,0,-1,0,0,0,0.03670886075949367,0.0,0.03670886075949367
03/21/2023,2053,0,2053,1020,57,0,57,19,0,19,0,0,0,1,0,1,0.03750608865075499,0.0,0.03750608865075499
03/22/2023,2915,0,2915,1528,33,0,33,15,0,15,0,0,0,0,0,0,0.01646655231560892,0.0,0.01646655231560892
03/23/2023,2684,0,2684,1492,30,0,30,113,0,113,184,0,184,1,0,1,0.12220566318926974,0.0,0.12220566318926974
03/24/2023,2359,0,2359,1108,27,0,27,12,0,12,0,0,0,0,0,0,0.016532428995337006,0.0,0.016532428995337006
03/25/2023,2785,0,2785,1224,43,0,43,27,0,27,44,0,44,1,0,1,0.04129263913824058,0.0,0.04129263913824058
03/26/2023,1438,0,1438,595,31,0,31,1,0,1,0,0,0,0,0,0,0.022253129346314324,0.0,0.022253129346314324
03/27/2023,2081,0,2081,962,23,0,23,50,0,50,63,0,63,0,0,0,0.06535319557904853,0.0,0.06535319557904853
03/28/2023,2532,0,2532,1159,34,0,34,62,0,62,135,0,135,1,0,1,0.09162717219589257,0.0,0.09162717219589257
03/29/2023,4281,0,4281,2286,71,0,71,89,0,89,163,0,163,2,0,2,0.07591684185937865,0.0,0.07591684185937865
03/30/2023,3528,0,3528,1721,53,0,53,72,0,72,107,0,107,4,0,4,0.06689342403628118,0.0,0.06689342403628118
03/31/2023,4258,0,4258,1736,81,0,81,66,0,66,133,0,133,1,0,1,0.06599342414279004,0.0,0.06599342414279004
04/01/2023,3008,0,3008,1267,79,0,79,21,0,21,1,0,1,0,0,0,0.03357712765957447,0.0,0.03357712765957447
04/02/2023,2094,0,2094,904,31,0,31,5,0,5,0,0,0,0,0,0,0.017191977077363897,0.0,0.017191977077363897
04/03/2023,4590,0,4590,1727,82,0,82,80,0,80,155,0,155,1,0,1,0.06928104575163399,0.0,0.06928104575163399
04/04/2023,3805,0,3805,1542,68,0,68,48,0,48,42,0,42,0,0,0,0.04152431011826544,0.0,0.04152431011826544
04/05/2023,2830,0,2830,1383,45,0,45,52,0,52,52,0,52,0,0,0,0.05265017667844523,0.0,0.05265017667844523
04/06/2023,2573,0,2573,1105,35,0,35,15,0,15,29,0,29,1,0,1,0.03109211037699184,0.0,0.03109211037699184
04/07/2023,1936,0,1936,792,16,0,16,2,0,2,0,0,0,0,0,0,0.009297520661157025,0.0,0.009297520661157025
04/08/2023,1431,0,1431,614,17,0,17,4,0,4,0,0,0,0,0,0,0.014675052410901468,0.0,0.014675052410901468
04/09/2023,987,0,987,410,15,0,15,1,0,1,-1,0,-1,0,0,0,0.015197568389057751,0.0,0.015197568389057751
04/10/2023,2537,0,2537,1280,19,0,19,49,0,49,73,0,73,1,0,1,0.05597162002364998,0.0,0.05597162002364998
04/11/2023,2700,0,2700,1262,27,0,27,50,0,50,52,0,52,0,0,0,0.04777777777777778,0.0,0.04777777777777778
04/12/2023,3607,0,3607,1451,39,0,39,50,0,50,85,0,85,1,0,1,0.04851677294150263,0.0,0.04851677294150263
04/13/2023,3207,0,3207,1401,40,0,40,28,0,28,31,0,31,0,0,0,0.03086997193638915,0.0,0.03086997193638915
04/14/2023,2964,0,2964,1140,53,0,53,42,0,42,39,0,39,0,0,0,0.04520917678812416,0.0,0.04520917678812416
04/15/2023,1959,0,1959,730,22,0,22,7,0,7,0,0,0,0,0,0,0.014803471158754467,0.0,0.014803471158754467
04/16/2023,1362,0,1362,565,15,0,15,2,0,2,0,0,0,0,0,0,0.012481644640234948,0.0,0.012481644640234948
04/17/2023,4098,0,4098,1267,37,0,37,43,0,43,35,0,35,-1,0,-1,0.027818448023426062,0.0,0.027818448023426062
04/18/2023,3559,0,3559,1376,49,0,49,35,0,35,61,0,61,1,0,1,0.04102275920202304,0.0,0.04102275920202304
04/19/2023,2774,0,2774,1287,28,0,28,46,0,46,1,0,1,-1,0,-1,0.026676279740447006,0.0,0.026676279740447006
04/20/2023,2853,0,2853,1061,27,0,27,42,0,42,51,0,51,2,0,2,0.04276200490711532,0.0,0.04276200490711532
04/21/2023,1498,0,1498,603,25,0,25,4,0,4,-1,0,-1,0,0,0,0.018691588785046728,0.0,0.018691588785046728
04/22/2023,1205,0,1205,539,24,0,24,4,0,4,0,0,0,0,0,0,0.023236514522821577,0.0,0.023236514522821577
04/23/2023,1255,0,1255,538,10,0,10,3,0,3,1,0,1,0,0,0,0.011155378486055778,0.0,0.011155378486055778
04/24/2023,1472,0,1472,559,17,0,17,13,0,13,1,0,1,0,0,0,0.021059782608695652,0.0,0.021059782608695652
04/25/2023,2917,0,2917,1232,31,0,31,36,0,36,45,0,45,0,0,0,0.03839561193006513,0.0,0.03839561193006513
04/26/2023,2619,0,2619,937,40,0,40,24,0,24,69,0,69,0,0,0,0.05078274150439099,0.0,0.05078274150439099
04/27/2023,5680,0,5680,2434,327,0,327,-1375,0,-1375,-2471,0,-2471,0,0,0,-0.6195422535211268,0.0,-0.6195422535211268
04/28/2023,4119,0,4119,1692,299,0,299,24,0,24,11,0,11,1,0,1,0.08133042000485555,0.0,0.08133042000485555
04/29/2023,3194,0,3194,1102,134,0,134,16,0,16,4,0,4,1,0,1,0.04852849092047589,0.0,0.04852849092047589
04/30/2023,2225,0,2225,855,127,0,127,1,0,1,0,0,0,0,0,0,0.05752808988764045,0.0,0.05752808988764045
05/01/2023,1848,0,1848,724,94,0,94,5,0,5,0,0,0,0,0,0,0.05357142857142857,0.0,0.05357142857142857
05/02/2023,2774,0,2774,1143,167,0,167,-7,0,-7,-15,0,-15,1,0,1,0.05263157894736842,0.0,0.05263157894736842
05/03/2023,12373,70619,82992,7975,229,43,272,49,0,49,16,0,16,1,0,1,0.02384223712923301,0.0006089012871890001,0.004072681704260651
05/04/2023,2966,65422,68388,2103,7,61,68,0,1,1,0,0,0,0,0,0,0.0023600809170600135,0.0009324080584512855,0.0009943264900274902
05/05/2023,2665,57931,60596,1566,16,34,50,25,0,25,20,0,20,0,0,0,0.022889305816135085,0.0005869051112530425,0.0015677602482012014
05/06/2023,2221,0,2221,1198,64,0,64,4,0,4,0,0,0,0,0,0,0.03061683926159388,0.0,0.03061683926159388
05/07/2023,1748,0,1748,950,91,0,91,2,0,2,0,0,0,0,0,0,0.05320366132723112,0.0,0.05320366132723112
05/08/2023,3735,0,3735,1990,131,0,131,14,0,14,0,0,0,0,0,0,0.038821954484605084,0.0,0.038821954484605084
05/09/2023,2504,0,2504,1387,89,0,89,11,0,11,0,0,0,0,0,0,0.039936102236421724,0.0,0.039936102236421724
05/10/2023,1548,0,1548,829,63,0,63,36,0,36,54,0,54,2,0,2,0.10012919896640828,0.0,0.10012919896640828
05/11/2023,970,0,970,528,14,0,14,7,0,7,0,0,0,0,0,0,0.021649484536082474,0.0,0.021649484536082474
05/12/2023,7174,0,7174,2493,154,0,154,58,0,58,96,0,96,0,0,0,0.04293281293560078,0.0,0.04293281293560078
05/13/2023,3218,0,3218,1144,102,0,102,8,0,8,0,0,0,0,0,0,0.03418272218769422,0.0,0.03418272218769422
05/14/2023,2121,0,2121,870,70,0,70,4,0,4,0,0,0,0,0,0,0.03488920320603489,0.0,0.03488920320603489
05/15/2023,5228,0,5228,1902,129,0,129,2,0,2,-1,0,-1,0,0,0,0.02486610558530987,0.0,0.02486610558530987
05/16/2023,5751,0,5751,2455,242,0,242,120,0,120,104,0,104,1,0,1,0.08120326899669622,0.0,0.08120326899669622
05/17/2023,2336,0,2336,1026,80,0,80,9,0,9,0,0,0,0,0,0,0.03809931506849315,0.0,0.03809931506849315
05/18/2023,1913,0,1913,738,51,0,51,4,0,4,0,0,0,0,0,0,0.028750653423941452,0.0,0.028750653423941452
05/19/2023,5517,0,5517,2563,60,0,60,3,0,3,0,0,0,0,0,0,0.011419249592169658,0.0,0.011419249592169658
05/20/2023,2965,0,2965,1354,90,0,90,6,0,6,0,0,0,0,0,0,0.03237774030354131,0.0,0.03237774030354131
05/21/2023,1594,0,1594,762,50,0,50,0,0,0,0,0,0,0,0,0,0.03136762860727729,0.0,0.03136762860727729
05/22/2023,4083,0,4083,1706,101,0,101,0,0,0,0,0,0,0,0,0,0.024736713201077638,0.0,0.024736713201077638
05/23/2023,4709,0,4709,1713,61,0,61,1,0,1,0,0,0,0,0,0,0.013166277341261414,0.0,0.013166277341261414
05/24/2023,7639,0,7639,2612,1229,0,1229,37,0,37,87,0,87,0,0,0,0.1771174237465637,0.0,0.1771174237465637
05/25/2023,7017,0,7017,2260,600,0,600,34,0,34,38,0,38,0,0,0,0.09576742197520308,0.0,0.09576742197520308
05/26/2023,7175,0,7175,3142,619,0,619,3,0,3,0,0,0,-1,0,-1,0.08655052264808362,0.0,0.08655052264808362
05/27/2023,3290,0,3290,1333,330,0,330,3,0,3,0,0,0,0,0,0,0.10121580547112462,0.0,0.10121580547112462
05/28/2023,2935,0,2935,1165,235,0,235,4,0,4,0,0,0,0,0,0,0.08143100511073254,0.0,0.08143100511073254
05/29/2023,3818,0,3818,1602,203,0,203,40,0,40,100,0,100,1,0,1,0.09009952854897853,0.0,0.09009952854897853
05/30/2023,4043,0,4043,1623,151,0,151,10,0,10,-13,0,-13,1,0,1,0.036853821419737816,0.0,0.036853821419737816
05/31/2023,2888,0,2888,1249,79,0,79,27,0,27,34,0,34,8,0,8,0.05124653739612189,0.0,0.05124653739612189
06/01/2023,8243,0,8243,2641,155,0,155,11,0,11,-1,0,-1,0,0,0,0.02001698410772777,0.0,0.02001698410772777
06/02/2023,5314,0,5314,1825,159,0,159,3,0,3,0,0,0,0,0,0,0.030485509973654498,0.0,0.030485509973654498
06/03/2023,3121,0,3121,1139,331,0,331,6,0,6,0,0,0,2,0,2,0.10861903236142262,0.0,0.10861903236142262
06/04/2023,3238,0,3238,1114,490,0,490,0,0,0,0,0,0,-1,0,-1,0.15101914762198887,0.0,0.15101914762198887
06/05/2023,3116,0,3116,1568,152,0,152,31,0,31,26,0,26,0,0,0,0.06707317073170732,0.0,0.06707317073170732
06/06/2023,8870,0,8870,2772,339,0,339,28,0,28,46,0,46,2,0,2,0.0467869222096956,0.0,0.0467869222096956
06/07/2023,3887,0,3887,1704,96,0,96,22,0,22,34,0,34,0,0,0,0.039104708001029075,0.0,0.039104708001029075
06/08/2023,2458,0,2458,1008,71,0,71,6,0,6,0,0,0,0,0,0,0.03132628152969894,0.0,0.03132628152969894
06/09/2023,5229,0,5229,2242,135,0,135,54,0,54,67,0,67,0,0,0,0.04895773570472366,0.0,0.04895773570472366
06/10/2023,3222,0,3222,1392,82,0,82,5,0,5,0,0,0,0,0,0,0.027001862197392923,0.0,0.027001862197392923
06/11/2023,2630,0,2630,973,86,0,86,4,0,4,-1,0,-1,0,0,0,0.03384030418250951,0.0,0.03384030418250951
06/12/2023,3598,0,3598,1561,109,0,109,37,0,37,41,0,41,0,0,0,0.051973318510283494,0.0,0.051973318510283494
06/13/2023,4580,0,4580,2084,66,0,66,26,0,26,24,0,24,1,0,1,0.02554585152838428,0.0,0.02554585152838428
06/14/2023,3584,0,3584,1200,31,0,31,15,0,15,1,0,1,2,0,2,0.013671875,0.0,0.013671875
06/15/2023,2985,0,2985,1287,45,0,45,34,0,34,17,0,17,1,0,1,0.03249581239530988,0.0,0.03249581239530988
06/16/2023,3487,0,3487,1607,60,0,60,50,0,50,60,0,60,1,0,1,0.049039288786922854,0.0,0.049039288786922854
06/17/2023,2122,0,2122,844,71,0,71,7,0,7,5,0,5,0,0,0,0.039114043355325166,0.0,0.039114043355325166
06/18/2023,1710,0,1710,723,76,0,76,8,0,8,0,0,0,0,0,0,0.04912280701754386,0.0,0.04912280701754386
06/19/2023,12189,0,12189,7035,167,0,167,35,0,35,38,0,38,1,0,1,0.019771925506604317,0.0,0.019771925506604317
06/20/2023,8299,0,8299,4471,121,0,121,67,0,67,46,0,46,3,0,3,0.028557657549102302,0.0,0.028557657549102302
06/21/2023,2774,0,2774,1585,17,0,17,28,0,28,22,0,22,1,0,1,0.024513338139870222,0.0,0.024513338139870222
06/22/2023,2037,0,2037,1148,12,0,12,37,0,37,46,0,46,1,0,1,0.047128129602356406,0.0,0.047128129602356406
06/23/2023,2235,0,2235,1198,12,0,12,28,0,28,23,0,23,-1,0,-1,0.02774049217002237,0.0,0.02774049217002237
06/24/2023,1690,0,1690,796,17,0,17,6,0,6,0,0,0,0,0,0,0.013609467455621301,0.0,0.013609467455621301
06/25/2023,1675,0,1675,773,22,0,22,4,0,4,0,0,0,0,0,0,0.015522388059701492,0.0,0.015522388059701492
06/26/2023,2093,0,2093,1016,32,0,32,23,0,23,34,0,34,1,0,1,0.04300047778308648,0.0,0.04300047778308648
06/27/2023,4794,0,4794,2016,28,0,28,19,0,19,9,0,9,0,0,0,0.011681268251981644,0.0,0.011681268251981644
06/28/2023,3442,0,3442,1548,9,0,9,39,0,39,25,0,25,2,0,2,0.02178965717606043,0.0,0.02178965717606043
06/29/2023,5598,0,5598,1801,44,0,44,43,0,43,32,0,32,0,0,0,0.021257591997141837,0.0,0.021257591997141837
06/30/2023,4439,0,4439,1647,65,0,65,47,0,47,31,0,31,5,0,5,0.03334084253210182,0.0,0.03334084253210182
07/01/2023,4806,0,4806,1845,60,0,60,51,0,51,49,0,49,1,0,1,0.03349979192675822,0.0,0.03349979192675822
07/02/2023,5254,0,5254,1943,78,0,78,56,0,56,81,0,81,3,0,3,0.04149219642177389,0.0,0.04149219642177389
07/03/2023,6684,0,6684,2542,81,0,81,63,0,63,44,0,44,4,0,4,0.02872531418312388,0.0,0.02872531418312388
07/04/2023,3444,0,3444,1322,37,0,37,5,0,5,0,0,0,3,0,3,0.013066202090592335,0.0,0.013066202090592335
07/05/2023,6389,0,6389,3433,74,0,74,67,0,67,103,0,103,5,0,5,0.03897323524808264,0.0,0.03897323524808264
07/06/2023,7961,0,7961,5034,63,0,63,60,0,60,59,0,59,2,0,2,0.023112674287149856,0.0,0.023112674287149856
07/07/2023,3228,0,3228,1476,33,0,33,46,0,46,56,0,56,1,0,1,0.042131350681536554,0.0,0.042131350681536554
07/08/2023,3839,0,3839,1654,40,0,40,48,0,48,118,0,118,1,0,1,0.05392029174264131,0.0,0.05392029174264131
07/09/2023,2106,0,2106,817,35,0,35,6,0,6,1,0,1,0,0,0,0.019943019943019943,0.0,0.019943019943019943
07/10/2023,10739,0,10739,3188,317,0,317,9,0,9,1,0,1,4,0,4,0.030822236707328428,0.0,0.030822236707328428
07/11/2023,7933,0,7933,2493,577,0,577,5,0,5,0,0,0,0,0,0,0.07336442707676794,0.0,0.07336442707676794
07/12/2023,5918,0,5918,2056,506,0,506,3,0,3,0,0,0,0,0,0,0.08600878675228117,0.0,0.08600878675228117
07/13/2023,3873,0,3873,1586,275,0,275,18,0,18,1,0,1,0,0,0,0.07591014717273431,0.0,0.07591014717273431
07/14/2023,4009,0,4009,1845,188,0,188,31,0,31,37,0,37,0,0,0,0.06385632327263657,0.0,0.06385632327263657
07/15/2023,2530,0,2530,1012,161,0,161,1,0,1,0,0,0,0,0,0,0.06403162055335969,0.0,0.06403162055335969
07/16/2023,2055,0,2055,827,77,0,77,2,0,2,0,0,0,0,0,0,0.03844282238442823,0.0,0.03844282238442823
07/17/2023,4137,0,4137,1905,72,0,72,32,0,32,50,0,50,0,0,0,0.03722504230118443,0.0,0.03722504230118443
07/18/2023,5913,0,5913,2166,101,0,101,3,0,3,-1,0,-1,0,0,0,0.017419245729748012,0.0,0.017419245729748012
07/19/2023,7414,0,7414,3546,102,0,102,83,0,83,78,0,78,0,0,0,0.03547342864850283,0.0,0.03547342864850283
07/20/2023,2752,0,2752,1313,51,0,51,11,0,11,0,0,0,0,0,0,0.02252906976744186,0.0,0.02252906976744186
07/21/2023,4271,0,4271,1747,79,0,79,41,0,41,35,0,35,3,0,3,0.03699367829548115,0.0,0.03699367829548115
07/22/2023,2899,0,2899,1260,71,0,71,4,0,4,2,0,2,-1,0,-1,0.026215936529837874,0.0,0.026215936529837874
07/23/2023,2553,0,2553,973,68,0,68,4,0,4,0,0,0,0,0,0,0.0282021151586369,0.0,0.0282021151586369
07/24/2023,2998,0,2998,1198,102,0,102,23,0,23,18,0,18,0,0,0,0.04769846564376251,0.0,0.04769846564376251
07/25/2023,3158,0,3158,1345,46,0,46,31,0,31,9,0,9,0,0,0,0.027232425585813805,0.0,0.027232425585813805
07/26/2023,3509,0,3509,1349,33,0,33,32,0,32,31,0,31,1,0,1,0.027643203191792535,0.0,0.027643203191792535
07/27/2023,2626,0,2626,1230,16,0,16,26,0,26,25,0,25,0,0,0,0.025514089870525513,0.0,0.025514089870525513
07/28/2023,3030,0,3030,1392,28,0,28,28,0,28,21,0,21,0,0,0,0.025412541254125412,0.0,0.025412541254125412
07/29/2023,4131,0,4131,1599,112,0,112,11,0,11,1,0,1,0,0,0,0.030016945049624787,0.0,0.030016945049624787
07/30/2023,2711,0,2711,996,86,0,86,2,0,2,0,0,0,0,0,0,0.03246034673552195,0.0,0.03246034673552195
07/31/2023,5489,0,5489,1848,203,0,203,2,0,2,0,0,0,0,0,0,0.037347422116961196,0.0,0.037347422116961196
08/01/2023,562,0,562,230,9,0,9,3,0,3,0,0,0,0,0,0,0.021352313167259787,0.0,0.021352313167259787
08/02/2023,464,0,464,229,3,0,3,3,0,3,0,0,0,0,0,0,0.01293103448275862,0.0,0.01293103448275862
08/03/2023,314,0,314,140,2,0,2,4,0,4,0,0,0,0,0,0,0.01910828025477707,0.0,0.01910828025477707
08/04/2023,391,0,391,170,3,0,3,2,0,2,0,0,0,0,0,0,0.01278772378516624,0.0,0.01278772378516624
08/05/2023,295,0,295,140,4,0,4,0,0,0,3,0,3,0,0,0,0.023728813559322035,0.0,0.023728813559322035
08/06/2023,336,0,336,182,7,0,7,3,0,3,0,0,0,0,0,0,0.02976190476190476,0.0,0.02976190476190476
08/07/2023,328,0,328,167,15,0,15,-1,0,-1,1,0,1,0,0,0,0.04573170731707317,0.0,0.04573170731707317
08/08/2023,538,0,538,223,12,0,12,2,0,2,0,0,0,0,0,0,0.026022304832713755,0.0,0.026022304832713755
08/09/2023,2372,0,2372,966,54,0,54,1,0,1,0,0,0,0,0,0,0.023187183811129847,0.0,0.023187183811129847
08/10/2023,2593,0,2593,1033,72,0,72,-2,0,-2,0,0,0,0,0,0,0.02699575780948708,0.0,0.02699575780948708
08/11/2023,5382,0,5382,2012,150,0,150,11,0,11,5,0,5,0,0,0,0.030843552582683016,0.0,0.030843552582683016
08/12/2023,1877,0,1877,808,63,0,63,0,0,0,0,0,0,0,0,0,0.03356419818859883,0.0,0.03356419818859883
08/13/2023,1411,0,1411,590,76,0,76,0,0,0,0,0,0,0,0,0,0.05386250885896527,0.0,0.05386250885896527
08/14/2023,3300,0,3300,1769,79,0,79,6,0,6,0,0,0,0,0,0,0.025757575757575757,0.0,0.025757575757575757
08/15/2023,2014,0,2014,922,48,0,48,4,0,4,0,0,0,0,0,0,0.025819265143992055,0.0,0.025819265143992055
08/16/2023,2240,0,2240,1109,48,0,48,3,0,3,0,0,0,0,0,0,0.022767857142857142,0.0,0.022767857142857142
08/17/2023,3620,0,3620,1489,115,0,115,1,0,1,0,0,0,0,0,0,0.032044198895027624,0.0,0.032044198895027624
08/18/2023,5429,0,5429,2185,138,0,138,0,0,0,0,0,0,0,0,0,0.025419045864800146,0.0,0.025419045864800146
08/19/2023,3898,0,3898,1674,134,0,134,0,0,0,0,0,0,0,0,0,0.03437660338635198,0.0,0.03437660338635198
08/20/2023,2768,0,2768,1199,101,0,101,0,0,0,0,0,0,0,0,0,0.03648843930635838,0.0,0.03648843930635838
08/21/2023,2399,0,2399,923,119,0,119,0,0,0,0,0,0,0,0,0,0.049604001667361404,0.0,0.049604001667361404
08/22/2023,8004,0,8004,2693,239,0,239,0,0,0,0,0,0,0,0,0,0.029860069965017492,0.0,0.029860069965017492
08/23/2023,4230,0,4230,1658,153,0,153,3,0,3,0,0,0,0,0,0,0.03687943262411347,0.0,0.03687943262411347
08/24/2023,4347,0,4347,2060,196,0,196,19,0,19,53,0,53,0,0,0,0.06165171382562687,0.0,0.06165171382562687
08/25/2023,3796,0,3796,1917,75,0,75,23,0,23,14,0,14,0,0,0,0.029504741833508957,0.0,0.029504741833508957
08/26/2023,2436,0,2436,1063,64,0,64,6,0,6,0,0,0,0,0,0,0.028735632183908046,0.0,0.028735632183908046
08/27/2023,2268,0,2268,868,64,0,64,1,0,1,0,0,0,0,0,0,0.028659611992945325,0.0,0.028659611992945325
08/28/2023,5072,0,5072,2406,59,0,59,24,0,24,43,0,43,0,0,0,0.024842271293375396,0.0,0.024842271293375396
08/29/2023,3284,0,3284,1661,33,0,33,50,0,50,86,0,86,0,0,0,0.05146163215590743,0.0,0.05146163215590743
08/30/2023,1934,0,1934,1055,25,0,25,45,0,45,53,0,53,0,0,0,0.06359875904860393,0.0,0.06359875904860393
08/31/2023,1807,0,1807,1006,23,0,23,36,0,36,57,0,57,1,0,1,0.06474820143884892,0.0,0.06474820143884892
09/01/2023,871,0,871,498,5,0,5,4,0,4,0,0,0,-1,0,-1,0.009184845005740528,0.0,0.009184845005740528
09/02/2023,532,0,532,303,1,0,1,0,0,0,0,0,0,0,0,0,0.0018796992481203006,0.0,0.0018796992481203006
09/03/2023,1993,0,1993,766,72,0,72,1,0,1,0,0,0,0,0,0,0.03662819869543402,0.0,0.03662819869543402
09/04/2023,3553,0,3553,1841,58,0,58,11,0,11,28,0,28,0,0,0,0.02730087250211089,0.0,0.02730087250211089
09/05/2023,3465,0,3465,1751,34,0,34,20,0,20,42,0,42,0,0,0,0.027705627705627706,0.0,0.027705627705627706
09/06/2023,2979,0,2979,1459,22,0,22,22,0,22,33,0,33,0,0,0,0.025847599865726753,0.0,0.025847599865726753
09/07/2023,1445,0,1445,660,7,0,7,2,0,2,0,0,0,0,0,0,0.006228373702422145,0.0,0.006228373702422145
09/08/2023,1164,0,1164,518,13,0,13,2,0,2,0,0,0,0,0,0,0.01288659793814433,0.0,0.01288659793814433
09/09/2023,1348,0,1348,480,30,0,30,2,0,2,0,0,0,0,0,0,0.02373887240356083,0.0,0.02373887240356083
09/10/2023,1308,0,1308,510,32,0,32,1,0,1,0,0,0,0,0,0,0.02522935779816514,0.0,0.02522935779816514
09/11/2023,2670,0,2670,1353,69,0,69,33,0,33,68,0,68,0,0,0,0.06367041198501873,0.0,0.06367041198501873
09/12/2023,2585,0,2585,1507,25,0,25,32,0,32,34,0,34,0,0,0,0.035203094777562866,0.0,0.035203094777562866
09/13/2023,1012,0,1012,646,3,0,3,9,0,9,0,0,0,0,0,0,0.011857707509881422,0.0,0.011857707509881422
09/14/2023,486,0,486,332,1,0,1,1,0,1,0,0,0,0,0,0,0.00411522633744856,0.0,0.00411522633744856
09/15/2023,406,0,406,252,4,0,4,0,0,0,0,0,0,0,0,0,0.009852216748768473,0.0,0.009852216748768473
09/16/2023,404,0,404,256,6,0,6,0,0,0,0,0,0,0,0,0,0.01485148514851485,0.0,0.01485148514851485
09/17/2023,744,0,744,356,12,0,12,-1,0,-1,0,0,0,0,0,0,0.01478494623655914,0.0,0.01478494623655914
09/18/2023,1814,0,1814,1010,10,0,10,27,0,27,56,0,56,0,0,0,0.051267916207276734,0.0,0.051267916207276734
09/19/2023,4189,0,4189,2376,65,0,65,17,0,17,9,0,9,0,0,0,0.021723561709238483,0.0,0.021723561709238483
09/20/2023,2054,0,2054,1015,23,0,23,8,0,8,-1,0,-1,0,0,0,0.014605647517039922,0.0,0.014605647517039922
09/21/2023,1138,0,1138,635,5,0,5,0,0,0,0,0,0,0,0,0,0.004393673110720563,0.0,0.004393673110720563
09/22/2023,1025,0,1025,529,7,0,7,0,0,0,0,0,0,0,0,0,0.006829268292682927,0.0,0.006829268292682927
09/23/2023,581,0,581,303,9,0,9,2,0,2,0,0,0,0,0,0,0.0189328743545611,0.0,0.0189328743545611
09/24/2023,473,0,473,232,20,0,20,0,0,0,0,0,0,0,0,0,0.042283298097251586,0.0,0.042283298097251586
09/25/2023,539,0,539,296,11,0,11,0,0,0,-5,0,-5,0,0,0,0.011131725417439703,0.0,0.011131725417439703
09/26/2023,2378,0,2378,1571,23,0,23,21,0,21,25,0,25,0,0,0,0.029015979814970564,0.0,0.029015979814970564
09/27/2023,1137,0,1137,673,6,0,6,2,0,2,0,0,0,0,0,0,0.007036059806508356,0.0,0.007036059806508356
09/28/2023,2201,0,2201,1316,10,0,10,15,0,15,12,0,12,0,0,0,0.016810540663334848,0.0,0.016810540663334848
09/29/2023,847,0,847,465,13,0,13,1,0,1,0,0,0,0,0,0,0.01652892561983471,0.0,0.01652892561983471
09/30/2023,1081,0,1081,438,35,0,35,-1,0,-1,-1,0,-1,0,0,0,0.030527289546716005,0.0,0.030527289546716005
10/01/2023,844,0,844,357,31,0,31,1,0,1,0,0,0,0,0,0,0.037914691943127965,0.0,0.037914691943127965
10/02/2023,1854,0,1854,1200,19,0,19,22,0,22,20,0,20,0,0,0,0.03290183387270766,0.0,0.03290183387270766
10/03/2023,2520,0,2520,1395,2,0,2,17,0,17,8,0,8,1,0,1,0.011111111111111112,0.0,0.011111111111111112
10/04/2023,1789,0,1789,1062,2,0,2,14,0,14,21,0,21,0,0,0,0.02068194522079374,0.0,0.02068194522079374
10/05/2023,2001,0,2001,1017,5,0,5,16,0,16,5,0,5,3,0,3,0.014492753623188406,0.0,0.014492753623188406
10/06/2023,854,0,854,415,5,0,5,1,0,1,0,0,0,0,0,0,0.00702576112412178,0.0,0.00702576112412178
10/07/2023,584,0,584,210,4,0,4,0,0,0,0,0,0,0,0,0,0.00684931506849315,0.0,0.00684931506849315
10/08/2023,415,0,415,201,4,0,4,2,0,2,0,0,0,0,0,0,0.014457831325301205,0.0,0.014457831325301205
10/09/2023,1782,0,1782,1137,7,0,7,24,0,24,8,0,8,0,0,0,0.021885521885521887,0.0,0.021885521885521887
10/10/2023,1796,0,1796,1226,20,0,20,19,0,19,6,0,6,0,0,0,0.02505567928730512,0.0,0.02505567928730512
10/11/2023,1684,0,1684,978,15,0,15,13,0,13,6,0,6,0,0,0,0.020190023752969122,0.0,0.020190023752969122
10/12/2023,754,0,754,374,0,0,0,4,0,4,0,0,0,0,0,0,0.005305039787798408,0.0,0.005305039787798408
10/13/2023,501,0,501,251,0,0,0,2,0,2,0,0,0,0,0,0,0.003992015968063872,0.0,0.003992015968063872
10/14/2023,710,0,710,332,5,0,5,3,0,3,0,0,0,0,0,0,0.011267605633802818,0.0,0.011267605633802818
10/15/2023,622,0,622,285,10,0,10,4,0,4,0,0,0,0,0,0,0.022508038585209004,0.0,0.022508038585209004
10/16/2023,2197,0,2197,1259,34,0,34,23,0,23,20,0,20,0,0,0,0.03504779244424215,0.0,0.03504779244424215
10/17/2023,3617,0,3617,1676,31,0,31,23,0,23,11,0,11,0,0,0,0.017970693945258503,0.0,0.017970693945258503
10/18/2023,2607,0,2607,1248,23,0,23,35,0,35,26,0,26,0,0,0,0.03222094361334868,0.0,0.03222094361334868
10/19/2023,3802,0,3802,1677,26,0,26,42,0,42,34,0,34,1,0,1,0.027091004734350343,0.0,0.027091004734350343
10/20/2023,2148,0,2148,845,16,0,16,11,0,11,0,0,0,0,0,0,0.012569832402234637,0.0,0.012569832402234637
10/21/2023,1111,0,1111,522,25,0,25,1,0,1,0,0,0,0,0,0,0.023402340234023402,0.0,0.023402340234023402
10/22/2023,1095,0,1095,518,34,0,34,1,0,1,0,0,0,0,0,0,0.0319634703196347,0.0,0.0319634703196347
10/23/2023,4590,0,4590,2095,126,0,126,37,0,37,19,0,19,2,0,2,0.04008714596949891,0.0,0.04008714596949891
10/24/2023,7193,0,7193,2614,91,0,91,52,0,52,21,0,21,0,0,0,0.022799944390379537,0.0,0.022799944390379537
10/25/2023,5902,0,5902,2641,34,0,34,49,0,49,15,0,15,0,0,0,0.016604540833615723,0.0,0.016604540833615723
10/26/2023,1659,0,1659,934,9,0,9,27,0,27,21,0,21,0,0,0,0.034358047016274866,0.0,0.034358047016274866
10/27/2023,710,0,710,438,9,0,9,8,0,8,0,0,0,0,0,0,0.023943661971830985,0.0,0.023943661971830985
10/28/2023,596,0,596,347,31,0,31,6,0,6,0,0,0,0,0,0,0.06208053691275168,0.0,0.06208053691275168
10/29/2023,752,0,752,399,9,0,9,2,0,2,0,0,0,1,0,1,0.015957446808510637,0.0,0.015957446808510637
10/30/2023,1606,0,1606,1062,13,0,13,19,0,19,16,0,16,0,0,0,0.029887920298879204,0.0,0.029887920298879204
10/31/2023,2595,0,2595,1555,19,0,19,26,0,26,9,0,9,0,0,0,0.020809248554913295,0.0,0.020809248554913295
11/01/2023,4321,0,4321,2252,1,0,1,42,0,42,5,0,5,0,0,0,0.0111085396898866,0.0,0.0111085396898866
11/02/2023,1963,0,1963,964,10,0,10,14,0,14,0,0,0,0,0,0,0.012226184411614875,0.0,0.012226184411614875
11/03/2023,2976,0,2976,1692,16,0,16,22,0,22,6,0,6,2,0,2,0.015456989247311828,0.0,0.015456989247311828
11/04/2023,1420,0,1420,661,14,0,14,11,0,11,1,0,1,0,0,0,0.018309859154929577,0.0,0.018309859154929577
11/05/2023,1527,0,1527,679,33,0,33,3,0,3,0,0,0,0,0,0,0.023575638506876228,0.0,0.023575638506876228
11/06/2023,4070,0,4070,1928,55,0,55,49,0,49,28,0,28,0,0,0,0.032432432432432434,0.0,0.032432432432432434
11/07/2023,3761,0,3761,1775,10,0,10,32,0,32,9,0,9,0,0,0,0.013560223344855092,0.0,0.013560223344855092
11/08/2023,2390,0,2390,1091,5,0,5,32,0,32,9,0,9,0,0,0,0.019246861924686193,0.0,0.019246861924686193
11/09/2023,2397,0,2397,1122,13,0,13,24,0,24,5,0,5,1,0,1,0.017939090529828953,0.0,0.017939090529828953
11/10/2023,1630,0,1630,883,10,0,10,20,0,20,1,0,1,0,0,0,0.01901840490797546,0.0,0.01901840490797546
11/11/2023,718,0,718,379,14,0,14,4,0,4,0,0,0,0,0,0,0.025069637883008356,0.0,0.025069637883008356
11/12/2023,1426,0,1426,818,21,0,21,12,0,12,0,0,0,0,0,0,0.02314165497896213,0.0,0.02314165497896213
11/13/2023,1442,0,1442,773,25,0,25,24,0,24,15,0,15,0,0,0,0.044382801664355064,0.0,0.044382801664355064
11/14/2023,936,0,936,602,17,0,17,15,0,15,6,0,6,0,0,0,0.0405982905982906,0.0,0.0405982905982906
11/15/2023,832,0,832,411,7,0,7,4,0,4,0,0,0,0,0,0,0.013221153846153846,0.0,0.013221153846153846
11/16/2023,1346,0,1346,705,22,0,22,15,0,15,17,0,17,0,0,0,0.04011887072808321,0.0,0.04011887072808321
11/17/2023,985,0,985,533,20,0,20,4,0,4,1,0,1,0,0,0,0.025380710659898477,0.0,0.025380710659898477
11/18/2023,662,0,662,332,11,0,11,1,0,1,0,0,0,0,0,0,0.01812688821752266,0.0,0.01812688821752266
11/19/2023,614,0,614,309,19,0,19,0,0,0,0,0,0,0,0,0,0.030944625407166124,0.0,0.030944625407166124
11/20/2023,1549,0,1549,830,18,0,18,19,0,19,15,0,15,0,0,0,0.03357004519044545,0.0,0.03357004519044545
11/21/2023,9719,0,9719,5424,292,0,292,23,0,23,18,0,18,0,0,0,0.034262784237061424,0.0,0.034262784237061424
11/22/2023,7636,0,7636,4604,211,0,211,35,0,35,12,0,12,0,0,0,0.03378732320586694,0.0,0.03378732320586694
11/23/2023,4097,0,4097,2290,135,0,135,56,0,56,2,0,2,0,0,0,0.04710763973639248,0.0,0.04710763973639248
11/24/2023,3918,0,3918,2244,99,0,99,97,0,97,11,0,11,0,0,0,0.052833078101071976,0.0,0.052833078101071976
11/25/2023,1852,0,1852,1005,47,0,47,26,0,26,0,0,0,0,0,0,0.03941684665226782,0.0,0.03941684665226782
11/26/2023,1137,0,1137,664,29,0,29,7,0,7,0,0,0,-1,0,-1,0.030782761653474055,0.0,0.030782761653474055
11/27/2023,1418,0,1418,780,21,0,21,13,0,13,0,0,0,0,0,0,0.023977433004231313,0.0,0.023977433004231313
11/28/2023,1594,0,1594,802,25,0,25,18,0,18,4,0,4,0,0,0,0.029485570890840654,0.0,0.029485570890840654
11/29/2023,1235,0,1235,670,11,0,11,8,0,8,6,0,6,0,0,0,0.020242914979757085,0.0,0.020242914979757085
11/30/2023,3161,0,3161,1407,133,0,133,76,0,76,14,0,14,1,0,1,0.07086365074343562,0.0,0.07086365074343562
12/01/2023,1247,0,1247,528,42,0,42,15,0,15,4,0,4,0,0,0,0.04891740176423416,0.0,0.04891740176423416
12/02/2023,756,0,756,421,25,0,25,6,0,6,0,0,0,0,0,0,0.041005291005291,0.0,0.041005291005291
12/03/2023,668,0,668,394,24,0,24,8,0,8,0,0,0,1,0,1,0.04940119760479042,0.0,0.04940119760479042
12/04/2023,1421,0,1421,764,36,0,36,19,0,19,0,0,0,0,0,0,0.03870513722730472,0.0,0.03870513722730472
12/05/2023,1207,0,1207,566,20,0,20,10,0,10,0,0,0,0,0,0,0.024855012427506214,0.0,0.024855012427506214
12/06/2023,1564,0,1564,856,31,0,31,20,0,20,5,0,5,0,0,0,0.03580562659846547,0.0,0.03580562659846547
12/07/2023,902,0,902,533,20,0,20,6,0,6,0,0,0,0,0,0,0.028824833702882482,0.0,0.028824833702882482
12/08/2023,636,0,636,306,7,0,7,3,0,3,0,0,0,0,0,0,0.015723270440251572,0.0,0.015723270440251572
12/09/2023,309,0,309,186,4,0,4,2,0,2,0,0,0,0,0,0,0.019417475728155338,0.0,0.019417475728155338
12/10/2023,417,0,417,242,5,0,5,13,0,13,0,0,0,0,0,0,0.04316546762589928,0.0,0.04316546762589928
12/11/2023,977,0,977,634,15,0,15,16,0,16,2,0,2,2,0,2,0.03582395087001024,0.0,0.03582395087001024
12/12/2023,407,0,407,278,2,0,2,5,0,5,0,0,0,0,0,0,0.0171990171990172,0.0,0.0171990171990172
12/13/2023,3813,0,3813,2011,7,0,7,73,0,73,37,0,37,0,0,0,0.03068450039339103,0.0,0.03068450039339103
12/14/2023,2204,0,2204,1278,12,0,12,63,0,63,6,0,6,0,0,0,0.0367513611615245,0.0,0.0367513611615245
12/15/2023,1761,0,1761,1153,14,0,14,39,0,39,8,0,8,0,0,0,0.034639409426462237,0.0,0.034639409426462237
12/16/2023,1128,0,1128,710,46,0,46,21,0,21,0,0,0,0,0,0,0.05939716312056738,0.0,0.05939716312056738
12/17/2023,1286,0,1286,747,58,0,58,12,0,12,2,0,2,0,0,0,0.05598755832037325,0.0,0.05598755832037325
12/18/2023,4838,0,4838,2676,399,0,399,82,0,82,19,0,19,1,0,1,0.10355518809425382,0.0,0.10355518809425382
12/19/2023,3600,0,3600,2052,274,0,274,138,0,138,33,0,33,0,0,0,0.12361111111111112,0.0,0.12361111111111112
12/20/2023,3912,0,3912,3096,206,0,206,137,0,137,47,0,47,4,0,4,0.10071574642126789,0.0,0.10071574642126789
12/21/2023,3830,0,3830,2333,169,0,169,46,0,46,0,0,0,0,0,0,0.05613577023498695,0.0,0.05613577023498695
12/22/2023,3325,0,3325,1605,193,0,193,26,0,26,2,0,2,0,0,0,0.06646616541353384,0.0,0.06646616541353384
12/23/2023,3984,0,3984,2112,168,0,168,45,0,45,12,0,12,1,0,1,0.056726907630522086,0.0,0.056726907630522086
12/24/2023,3314,0,3314,1646,176,0,176,24,0,24,-2,0,-2,0,0,0,0.05974652987326494,0.0,0.05974652987326494
12/25/2023,3786,0,3786,1790,180,0,180,26,0,26,3,0,3,0,0,0,0.05520338087691495,0.0,0.05520338087691495
12/26/2023,5160,0,5160,2394,230,0,230,29,0,29,0,0,0,0,0,0,0.0501937984496124,0.0,0.0501937984496124
12/27/2023,9975,0,9975,4353,263,0,263,74,0,74,27,0,27,1,0,1,0.036591478696741855,0.0,0.036591478696741855
12/28/2023,5246,0,5246,1439,92,0,92,106,0,106,10,0,10,0,0,0,0.03964925657643919,0.0,0.03964925657643919
12/29/2023,3962,0,3962,1025,90,0,90,60,0,60,4,0,4,0,0,0,0.038869257950530034,0.0,0.038869257950530034
12/30/2023,2058,0,2058,553,56,0,56,28,0,28,2,0,2,0,0,0,0.04178814382896016,0.0,0.04178814382896016
12/31/2023,1376,0,1376,342,28,0,28,28,0,28,4,0,4,0,0,0,0.0436046511627907,0.0,0.0436046511627907
01/01/2024,1840,0,1840,459,68,0,68,32,0,32,4,0,4,0,0,0,0.05652173913043478,0.0,0.05652173913043478
01/02/2024,4156,0,4156,996,80,0,80,30,0,30,6,0,6,0,0,0,0.02791145332050048,0.0,0.02791145332050048
01/03/2024,2833,0,2833,1579,54,0,54,41,0,41,17,0,17,1,0,1,0.039887045534768795,0.0,0.039887045534768795
01/04/2024,2010,0,2010,1168,50,0,50,9,0,9,0,0,0,0,0,0,0.02935323383084577,0.0,0.02935323383084577
01/05/2024,14882,0,14882,6137,745,0,745,112,0,112,12,0,12,2,0,2,0.05852707969358957,0.0,0.05852707969358957
01/06/2024,4824,0,4824,2476,232,0,232,49,0,49,3,0,3,2,0,2,0.059286898839137646,0.0,0.059286898839137646
01/07/2024,6411,0,6411,3352,368,0,368,45,0,45,4,0,4,1,0,1,0.06520043674933708,0.0,0.06520043674933708
01/08/2024,4894,0,4894,2552,277,0,277,65,0,65,13,0,13,0,0,0,0.07253780138945648,0.0,0.07253780138945648
01/09/2024,3026,0,3026,1575,151,0,151,32,0,32,5,0,5,0,0,0,0.06212822207534699,0.0,0.06212822207534699
01/10/2024,2278,0,2278,1244,116,0,116,39,0,39,14,0,14,0,0,0,0.07418788410886742,0.0,0.07418788410886742
01/11/2024,9817,0,9817,5265,539,0,539,158,0,158,59,0,59,1,0,1,0.07711113374758073,0.0,0.07711113374758073
01/12/2024,5839,0,5839,3057,282,0,282,89,0,89,10,0,10,2,0,2,0.06559342353142661,0.0,0.06559342353142661
01/13/2024,4469,0,4469,2165,134,0,134,65,0,65,11,0,11,0,0,0,0.046990378160662344,0.0,0.046990378160662344
01/14/2024,2301,0,2301,1192,116,0,116,21,0,21,3,0,3,0,0,0,0.060843111690569315,0.0,0.060843111690569315
01/15/2024,2148,0,2148,1106,92,0,92,25,0,25,3,0,3,0,0,0,0.055865921787709494,0.0,0.055865921787709494
01/16/2024,1386,0,1386,621,17,0,17,12,0,12,1,0,1,1,0,1,0.022366522366522368,0.0,0.022366522366522368
01/17/2024,3510,0,3510,1778,50,0,50,114,0,114,41,0,41,1,0,1,0.05868945868945869,0.0,0.05868945868945869
01/18/2024,1539,0,1539,927,36,0,36,37,0,37,2,0,2,0,0,0,0.04873294346978557,0.0,0.04873294346978557
01/19/2024,1594,0,1594,994,77,0,77,45,0,45,3,0,3,0,0,0,0.07841907151819323,0.0,0.07841907151819323
01/20/2024,800,0,800,404,31,0,31,9,0,9,0,0,0,0,0,0,0.05,0.0,0.05
01/21/2024,827,0,827,392,54,0,54,5,0,5,1,0,1,0,0,0,0.07255139056831923,0.0,0.07255139056831923
01/22/2024,1232,0,1232,554,86,0,86,9,0,9,6,0,6,0,0,0,0.08198051948051949,0.0,0.08198051948051949
01/23/2024,1152,0,1152,580,108,0,108,22,0,22,5,0,5,0,0,0,0.1171875,0.0,0.1171875
01/24/2024,2802,0,2802,1692,170,0,170,58,0,58,13,0,13,1,0,1,0.08636688079942897,0.0,0.08636688079942897
01/25/2024,1326,0,1326,746,27,0,27,14,0,14,1,0,1,0,0,0,0.03167420814479638,0.0,0.03167420814479638
01/26/2024,667,0,667,341,33,0,33,12,0,12,2,0,2,0,0,0,0.0704647676161919,0.0,0.0704647676161919
01/27/2024,369,0,369,200,28,0,28,2,0,2,0,0,0,-1,0,-1,0.07859078590785908,0.0,0.07859078590785908
01/28/2024,616,0,616,290,51,0,51,2,0,2,3,0,3,0,0,0,0.09090909090909091,0.0,0.09090909090909091
01/29/2024,716,0,716,391,64,0,64,11,0,11,0,0,0,0,0,0,0.10474860335195531,0.0,0.10474860335195531
01/30/2024,487,0,487,296,27,0,27,13,0,13,1,0,1,0,0,0,0.08418891170431211,0.0,0.08418891170431211
01/31/2024,906,0,906,616,20,0,20,80,0,80,70,0,70,2,0,2,0.18984547461368653,0.0,0.18984547461368653
02/01/2024,620,0,620,384,13,0,13,13,0,13,1,0,1,0,0,0,0.043548387096774194,0.0,0.043548387096774194
02/02/2024,509,0,509,281,7,0,7,3,0,3,0,0,0,0,0,0,0.019646365422396856,0.0,0.019646365422396856
02/03/2024,341,0,341,150,12,0,12,2,0,2,-1,0,-1,0,0,0,0.03812316715542522,0.0,0.03812316715542522
02/04/2024,381,0,381,233,11,0,11,3,0,3,0,0,0,0,0,0,0.03674540682414698,0.0,0.03674540682414698
02/05/2024,3207,0,3207,1958,82,0,82,74,0,74,239,0,239,0,0,0,0.12316806984720922,0.0,0.12316806984720922
02/06/2024,3334,0,3334,1982,29,0,29,18,0,18,-1,0,-1,2,0,2,0.014397120575884824,0.0,0.014397120575884824
02/07/2024,2187,0,2187,1444,16,0,16,32,0,32,27,0,27,0,0,0,0.03429355281207133,0.0,0.03429355281207133
02/08/2024,1023,0,1023,726,20,0,20,10,0,10,3,0,3,0,0,0,0.03225806451612903,0.0,0.03225806451612903
02/09/2024,4749,0,4749,2795,125,0,125,92,0,92,25,0,25,0,0,0,0.05095809644135608,0.0,0.05095809644135608
02/10/2024,1323,0,1323,740,43,0,43,24,0,24,0,0,0,0,0,0,0.050642479213907785,0.0,0.050642479213907785
02/11/2024,1072,0,1072,538,35,0,35,14,0,14,2,0,2,0,0,0,0.04757462686567164,0.0,0.04757462686567164
02/12/2024,1164,0,1164,560,34,0,34,17,0,17,0,0,0,0,0,0,0.04381443298969072,0.0,0.04381443298969072
02/13/2024,2119,0,2119,1323,68,0,68,21,0,21,0,0,0,0,0,0,0.042000943841434636,0.0,0.042000943841434636
02/14/2024,4288,0,4288,1914,144,0,144,72,0,72,53,0,53,0,0,0,0.06273320895522388,0.0,0.06273320895522388
02/15/2024,861,0,861,490,42,0,42,11,0,11,0,0,0,0,0,0,0.06155632984901278,0.0,0.06155632984901278
02/16/2024,661,0,661,269,21,0,21,12,0,12,-5,0,-5,0,0,0,0.04236006051437216,0.0,0.04236006051437216
02/17/2024,339,0,339,175,19,0,19,4,0,4,0,0,0,0,0,0,0.06784660766961652,0.0,0.06784660766961652
02/18/2024,410,0,410,208,6,0,6,4,0,4,-3,0,-3,0,0,0,0.01707317073170732,0.0,0.01707317073170732
02/19/2024,687,0,687,305,9,0,9,12,0,12,1,0,1,2,0,2,0.034934497816593885,0.0,0.034934497816593885
02/20/2024,1418,0,1418,959,21,0,21,4,0,4,0,0,0,0,0,0,0.01763046544428773,0.0,0.01763046544428773
02/21/2024,2265,0,2265,1512,77,0,77,17,0,17,5,0,5,0,0,0,0.04370860927152318,0.0,0.04370860927152318
02/22/2024,1762,0,1762,1126,61,0,61,50,0,50,55,0,55,0,0,0,0.094211123723042,0.0,0.094211123723042
02/23/2024,1597,0,1597,898,42,0,42,32,0,32,5,0,5,0,0,0,0.049467752035065746,0.0,0.049467752035065746
02/24/2024,793,0,793,363,34,0,34,2,0,2,2,0,2,0,0,0,0.04791929382093316,0.0,0.04791929382093316
02/25/2024,597,0,597,252,18,0,18,0,0,0,0,0,0,0,0,0,0.03015075376884422,0.0,0.03015075376884422
02/26/2024,1028,0,1028,402,21,0,21,3,0,3,1,0,1,0,0,0,0.024319066147859923,0.0,0.024319066147859923
02/27/2024,1017,0,1017,439,23,0,23,4,0,4,0,0,0,0,0,0,0.02654867256637168,0.0,0.02654867256637168
02/28/2024,3974,0,3974,1989,77,0,77,23,0,23,0,0,0,3,0,3,0.025918470055359837,0.0,0.025918470055359837
02/29/2024,993,0,993,541,15,0,15,3,0,3,0,0,0,0,0,0,0.01812688821752266,0.0,0.01812688821752266
03/01/2024,635,0,635,260,6,0,6,2,0,2,0,0,0,0,0,0,0.012598425196850394,0.0,0.012598425196850394
03/02/2024,3904,0,3904,2557,203,0,203,16,0,16,0,0,0,0,0,0,0.05609631147540984,0.0,0.05609631147540984
03/03/2024,704,0,704,439,31,0,31,2,0,2,-1,0,-1,0,0,0,0.045454545454545456,0.0,0.045454545454545456
03/04/2024,2729,0,2729,1916,75,0,75,17,0,17,5,0,5,0,0,0,0.035544155368266765,0.0,0.035544155368266765
03/05/2024,985,0,985,629,13,0,13,3,0,3,0,0,0,0,0,0,0.016243654822335026,0.0,0.016243654822335026
03/06/2024,2515,0,2515,1626,58,0,58,48,0,48,33,0,33,1,0,1,0.055666003976143144,0.0,0.055666003976143144
03/07/2024,1334,0,1334,592,40,0,40,8,0,8,1,0,1,0,0,0,0.03673163418290855,0.0,0.03673163418290855
03/08/2024,1509,0,1509,808,30,0,30,16,0,16,26,0,26,2,0,2,0.04903909874088801,0.0,0.04903909874088801
03/09/2024,912,0,912,584,18,0,18,2,0,2,1,0,1,0,0,0,0.023026315789473683,0.0,0.023026315789473683
03/10/2024,399,0,399,194,9,0,9,2,0,2,0,0,0,0,0,0,0.02756892230576441,0.0,0.02756892230576441
03/11/2024,3686,0,3686,2478,208,0,208,17,0,17,2,0,2,0,0,0,0.06158437330439501,0.0,0.06158437330439501
03/12/2024,1537,0,1537,1087,46,0,46,7,0,7,0,0,0,0,0,0,0.034482758620689655,0.0,0.034482758620689655
03/13/2024,464,0,464,276,8,0,8,0,0,0,0,0,0,0,0,0,0.017241379310344827,0.0,0.017241379310344827
03/14/2024,3276,0,3276,1921,70,0,70,38,0,38,1,0,1,1,0,1,0.033577533577533576,0.0,0.033577533577533576
03/15/2024,3995,0,3995,2043,76,0,76,34,0,34,3,0,3,0,0,0,0.02828535669586984,0.0,0.02828535669586984
03/16/2024,667,0,667,371,25,0,25,2,0,2,0,0,0,0,0,0,0.04047976011994003,0.0,0.04047976011994003
03/17/2024,458,0,458,196,11,0,11,4,0,4,0,0,0,0,0,0,0.03275109170305677,0.0,0.03275109170305677
03/18/2024,2546,0,2546,1735,136,0,136,17,0,17,1,0,1,0,0,0,0.060487038491751764,0.0,0.060487038491751764
03/19/2024,14928,0,14928,8008,1009,0,1009,144,0,144,38,0,38,1,0,1,0.07984994640943194,0.0,0.07984994640943194
03/20/2024,8292,0,8292,4673,425,0,425,63,0,63,2,0,2,-1,0,-1,0.05897250361794501,0.0,0.05897250361794501
03/21/2024,5191,0,5191,3215,289,0,289,28,0,28,6,0,6,3,0,3,0.06280100173376998,0.0,0.06280100173376998
03/22/2024,5458,0,5458,3198,299,0,299,44,0,44,92,0,92,0,0,0,0.07969952363503115,0.0,0.07969952363503115
03/23/2024,619,0,619,363,19,0,19,0,0,0,0,0,0,0,0,0,0.030694668820678513,0.0,0.030694668820678513
03/24/2024,761,0,761,401,31,0,31,1,0,1,-1,0,-1,0,0,0,0.040735873850197106,0.0,0.040735873850197106
